{"stats":{"minecraft:picked_up":{"minecraft:feather":2,"minecraft:chicken":1,"minecraft:leather":1,"minecraft:beef":6,"minecraft:porkchop":6},"minecraft:custom":{"minecraft:time_since_rest":15468,"minecraft:play_time":15468,"minecraft:sprint_one_cm":10210,"minecraft:damage_taken":40,"minecraft:walk_one_cm":11486,"minecraft:sneak_time":40,"minecraft:mob_kills":8,"minecraft:jump":151,"minecraft:damage_dealt":741,"minecraft:leave_game":2,"minecraft:time_since_death":15468,"minecraft:total_world_time":15468,"minecraft:climb_one_cm":200,"minecraft:fall_one_cm":4059,"minecraft:fly_one_cm":31285},"minecraft:used":{"minecraft:wooden_sword":23,"minecraft:beef":3},"minecraft:killed":{"minecraft:pig":4,"minecraft:chicken":1,"minecraft:cow":3}},"DataVersion":3465}